Year,Month,County,Registration type,Engine type,Car registration count
2019,January,Galway,New Irish Registrations,Non electric,"1,173"
2019,February,Galway,New Irish Registrations,Non electric,487
2019,March,Galway,New Irish Registrations,Non electric,482
2019,April,Galway,New Irish Registrations,Non electric,200
2019,May,Galway,New Irish Registrations,Non electric,147
2019,June,Galway,New Irish Registrations,Non electric,17
2019,July,Galway,New Irish Registrations,Non electric,763
2019,August,Galway,New Irish Registrations,Non electric,165
2019,September,Galway,New Irish Registrations,Non electric,112
2019,October,Galway,New Irish Registrations,Non electric,66
2019,July,Galway,New Imports,Non electric,1
2019,January,Galway,Used Imports,Non electric,503
2019,February,Galway,Used Imports,Non electric,472
2019,March,Galway,Used Imports,Non electric,516
2019,April,Galway,Used Imports,Non electric,456
2019,May,Galway,Used Imports,Non electric,507
2019,June,Galway,Used Imports,Non electric,465
2019,July,Galway,Used Imports,Non electric,471
2019,August,Galway,Used Imports,Non electric,507
2019,September,Galway,Used Imports,Non electric,586
2019,October,Galway,Used Imports,Non electric,603
2019,January,Galway,New Irish Registrations,Electric,30
2019,February,Galway,New Irish Registrations,Electric,12
2019,March,Galway,New Irish Registrations,Electric,9
2019,April,Galway,New Irish Registrations,Electric,7
2019,May,Galway,New Irish Registrations,Electric,6
2019,July,Galway,New Irish Registrations,Electric,34
2019,August,Galway,New Irish Registrations,Electric,5
2019,September,Galway,New Irish Registrations,Electric,3
2019,October,Galway,New Irish Registrations,Electric,6
2019,January,Galway,Used Imports,Electric,3
2019,February,Galway,Used Imports,Electric,5
2019,March,Galway,Used Imports,Electric,1
2019,April,Galway,Used Imports,Electric,1
2019,May,Galway,Used Imports,Electric,2
2019,June,Galway,Used Imports,Electric,4
2019,July,Galway,Used Imports,Electric,2
2019,August,Galway,Used Imports,Electric,3
2019,September,Galway,Used Imports,Electric,1
2019,October,Galway,Used Imports,Electric,6
2019,January,Galway,New Irish Registrations,Hybrid,129
2019,February,Galway,New Irish Registrations,Hybrid,80
2019,March,Galway,New Irish Registrations,Hybrid,69
2019,April,Galway,New Irish Registrations,Hybrid,57
2019,May,Galway,New Irish Registrations,Hybrid,31
2019,June,Galway,New Irish Registrations,Hybrid,5
2019,July,Galway,New Irish Registrations,Hybrid,126
2019,August,Galway,New Irish Registrations,Hybrid,19
2019,September,Galway,New Irish Registrations,Hybrid,11
2019,October,Galway,New Irish Registrations,Hybrid,14
2019,January,Galway,Used Imports,Hybrid,27
2019,February,Galway,Used Imports,Hybrid,24
2019,March,Galway,Used Imports,Hybrid,28
2019,April,Galway,Used Imports,Hybrid,31
2019,May,Galway,Used Imports,Hybrid,37
2019,June,Galway,Used Imports,Hybrid,22
2019,July,Galway,Used Imports,Hybrid,22
2019,August,Galway,Used Imports,Hybrid,26
2019,September,Galway,Used Imports,Hybrid,36
2019,October,Galway,Used Imports,Hybrid,27
2019,January,Leitrim,New Irish Registrations,Non electric,116
2019,February,Leitrim,New Irish Registrations,Non electric,32
2019,March,Leitrim,New Irish Registrations,Non electric,55
2019,April,Leitrim,New Irish Registrations,Non electric,22
2019,May,Leitrim,New Irish Registrations,Non electric,12
2019,June,Leitrim,New Irish Registrations,Non electric,7
2019,July,Leitrim,New Irish Registrations,Non electric,72
2019,August,Leitrim,New Irish Registrations,Non electric,15
2019,September,Leitrim,New Irish Registrations,Non electric,11
2019,October,Leitrim,New Irish Registrations,Non electric,4
2019,January,Leitrim,New Imports,Non electric,1
2019,March,Leitrim,New Imports,Non electric,1
2019,January,Leitrim,Used Imports,Non electric,76
2019,February,Leitrim,Used Imports,Non electric,73
2019,March,Leitrim,Used Imports,Non electric,76
2019,April,Leitrim,Used Imports,Non electric,65
2019,May,Leitrim,Used Imports,Non electric,79
2019,June,Leitrim,Used Imports,Non electric,61
2019,July,Leitrim,Used Imports,Non electric,62
2019,August,Leitrim,Used Imports,Non electric,65
2019,September,Leitrim,Used Imports,Non electric,62
2019,October,Leitrim,Used Imports,Non electric,82
2019,January,Leitrim,New Irish Registrations,Electric,4
2019,March,Leitrim,New Irish Registrations,Electric,1
2019,April,Leitrim,New Irish Registrations,Electric,3
2019,May,Leitrim,New Irish Registrations,Electric,1
2019,September,Leitrim,New Irish Registrations,Electric,1
2019,January,Leitrim,New Irish Registrations,Hybrid,7
2019,February,Leitrim,New Irish Registrations,Hybrid,6
2019,March,Leitrim,New Irish Registrations,Hybrid,2
2019,April,Leitrim,New Irish Registrations,Hybrid,4
2019,May,Leitrim,New Irish Registrations,Hybrid,2
2019,June,Leitrim,New Irish Registrations,Hybrid,2
2019,July,Leitrim,New Irish Registrations,Hybrid,7
2019,August,Leitrim,New Irish Registrations,Hybrid,4
2019,January,Leitrim,Used Imports,Hybrid,1
2019,February,Leitrim,Used Imports,Hybrid,4
2019,March,Leitrim,Used Imports,Hybrid,2
2019,May,Leitrim,Used Imports,Hybrid,1
2019,July,Leitrim,Used Imports,Hybrid,2
2019,August,Leitrim,Used Imports,Hybrid,1
2019,January,Mayo,New Irish Registrations,Non electric,590
2019,February,Mayo,New Irish Registrations,Non electric,242
2019,March,Mayo,New Irish Registrations,Non electric,212
2019,April,Mayo,New Irish Registrations,Non electric,69
2019,May,Mayo,New Irish Registrations,Non electric,55
2019,June,Mayo,New Irish Registrations,Non electric,7
2019,July,Mayo,New Irish Registrations,Non electric,354
2019,August,Mayo,New Irish Registrations,Non electric,97
2019,September,Mayo,New Irish Registrations,Non electric,44
2019,October,Mayo,New Irish Registrations,Non electric,22
2019,July,Mayo,New Imports,Non electric,1
2019,January,Mayo,Used Imports,Non electric,226
2019,February,Mayo,Used Imports,Non electric,223
2019,March,Mayo,Used Imports,Non electric,223
2019,April,Mayo,Used Imports,Non electric,230
2019,May,Mayo,Used Imports,Non electric,271
2019,June,Mayo,Used Imports,Non electric,209
2019,July,Mayo,Used Imports,Non electric,249
2019,August,Mayo,Used Imports,Non electric,258
2019,September,Mayo,Used Imports,Non electric,276
2019,October,Mayo,Used Imports,Non electric,338
2019,January,Mayo,New Irish Registrations,Electric,14
2019,February,Mayo,New Irish Registrations,Electric,2
2019,March,Mayo,New Irish Registrations,Electric,3
2019,April,Mayo,New Irish Registrations,Electric,4
2019,May,Mayo,New Irish Registrations,Electric,1
2019,July,Mayo,New Irish Registrations,Electric,5
2019,August,Mayo,New Irish Registrations,Electric,2
2019,September,Mayo,New Irish Registrations,Electric,1
2019,October,Mayo,New Irish Registrations,Electric,1
2019,January,Mayo,Used Imports,Electric,2
2019,July,Mayo,Used Imports,Electric,1
2019,August,Mayo,Used Imports,Electric,1
2019,October,Mayo,Used Imports,Electric,2
2019,January,Mayo,New Irish Registrations,Hybrid,41
2019,February,Mayo,New Irish Registrations,Hybrid,38
2019,March,Mayo,New Irish Registrations,Hybrid,32
2019,April,Mayo,New Irish Registrations,Hybrid,29
2019,May,Mayo,New Irish Registrations,Hybrid,5
2019,July,Mayo,New Irish Registrations,Hybrid,37
2019,August,Mayo,New Irish Registrations,Hybrid,8
2019,September,Mayo,New Irish Registrations,Hybrid,6
2019,October,Mayo,New Irish Registrations,Hybrid,5
2019,January,Mayo,Used Imports,Hybrid,8
2019,February,Mayo,Used Imports,Hybrid,9
2019,March,Mayo,Used Imports,Hybrid,4
2019,April,Mayo,Used Imports,Hybrid,4
2019,May,Mayo,Used Imports,Hybrid,4
2019,June,Mayo,Used Imports,Hybrid,3
2019,July,Mayo,Used Imports,Hybrid,8
2019,August,Mayo,Used Imports,Hybrid,15
2019,September,Mayo,Used Imports,Hybrid,6
2019,October,Mayo,Used Imports,Hybrid,12
2019,January,Roscommon,New Irish Registrations,Non electric,290
2019,February,Roscommon,New Irish Registrations,Non electric,87
2019,March,Roscommon,New Irish Registrations,Non electric,101
2019,April,Roscommon,New Irish Registrations,Non electric,50
2019,May,Roscommon,New Irish Registrations,Non electric,22
2019,June,Roscommon,New Irish Registrations,Non electric,7
2019,July,Roscommon,New Irish Registrations,Non electric,147
2019,August,Roscommon,New Irish Registrations,Non electric,37
2019,September,Roscommon,New Irish Registrations,Non electric,17
2019,October,Roscommon,New Irish Registrations,Non electric,9
2019,January,Roscommon,New Imports,Non electric,1
2019,January,Roscommon,Used Imports,Non electric,141
2019,February,Roscommon,Used Imports,Non electric,128
2019,March,Roscommon,Used Imports,Non electric,126
2019,April,Roscommon,Used Imports,Non electric,105
2019,May,Roscommon,Used Imports,Non electric,130
2019,June,Roscommon,Used Imports,Non electric,115
2019,July,Roscommon,Used Imports,Non electric,127
2019,August,Roscommon,Used Imports,Non electric,157
2019,September,Roscommon,Used Imports,Non electric,107
2019,October,Roscommon,Used Imports,Non electric,141
2019,January,Roscommon,New Irish Registrations,Electric,7
2019,February,Roscommon,New Irish Registrations,Electric,2
2019,July,Roscommon,New Irish Registrations,Electric,5
2019,October,Roscommon,New Irish Registrations,Electric,2
2019,January,Roscommon,Used Imports,Electric,1
2019,February,Roscommon,Used Imports,Electric,1
2019,March,Roscommon,Used Imports,Electric,1
2019,August,Roscommon,Used Imports,Electric,1
2019,October,Roscommon,Used Imports,Electric,1
2019,January,Roscommon,New Irish Registrations,Hybrid,26
2019,February,Roscommon,New Irish Registrations,Hybrid,20
2019,March,Roscommon,New Irish Registrations,Hybrid,31
2019,April,Roscommon,New Irish Registrations,Hybrid,26
2019,May,Roscommon,New Irish Registrations,Hybrid,4
2019,June,Roscommon,New Irish Registrations,Hybrid,1
2019,July,Roscommon,New Irish Registrations,Hybrid,28
2019,August,Roscommon,New Irish Registrations,Hybrid,4
2019,September,Roscommon,New Irish Registrations,Hybrid,2
2019,October,Roscommon,New Irish Registrations,Hybrid,2
2019,January,Roscommon,Used Imports,Hybrid,1
2019,February,Roscommon,Used Imports,Hybrid,1
2019,April,Roscommon,Used Imports,Hybrid,1
2019,June,Roscommon,Used Imports,Hybrid,1
2019,July,Roscommon,Used Imports,Hybrid,4
2019,August,Roscommon,Used Imports,Hybrid,3
2019,September,Roscommon,Used Imports,Hybrid,1
2019,October,Roscommon,Used Imports,Hybrid,3
2019,January,Sligo,New Irish Registrations,Non electric,317
2019,February,Sligo,New Irish Registrations,Non electric,109
2019,March,Sligo,New Irish Registrations,Non electric,134
2019,April,Sligo,New Irish Registrations,Non electric,42
2019,May,Sligo,New Irish Registrations,Non electric,31
2019,June,Sligo,New Irish Registrations,Non electric,3
2019,July,Sligo,New Irish Registrations,Non electric,208
2019,August,Sligo,New Irish Registrations,Non electric,37
2019,September,Sligo,New Irish Registrations,Non electric,22
2019,October,Sligo,New Irish Registrations,Non electric,18
2019,January,Sligo,Used Imports,Non electric,108
2019,February,Sligo,Used Imports,Non electric,118
2019,March,Sligo,Used Imports,Non electric,97
2019,April,Sligo,Used Imports,Non electric,105
2019,May,Sligo,Used Imports,Non electric,138
2019,June,Sligo,Used Imports,Non electric,87
2019,July,Sligo,Used Imports,Non electric,123
2019,August,Sligo,Used Imports,Non electric,126
2019,September,Sligo,Used Imports,Non electric,122
2019,October,Sligo,Used Imports,Non electric,128
2019,January,Sligo,New Irish Registrations,Electric,4
2019,February,Sligo,New Irish Registrations,Electric,3
2019,March,Sligo,New Irish Registrations,Electric,1
2019,April,Sligo,New Irish Registrations,Electric,2
2019,May,Sligo,New Irish Registrations,Electric,1
2019,July,Sligo,New Irish Registrations,Electric,6
2019,August,Sligo,New Irish Registrations,Electric,2
2019,September,Sligo,New Irish Registrations,Electric,1
2019,October,Sligo,New Irish Registrations,Electric,1
2019,January,Sligo,Used Imports,Electric,2
2019,February,Sligo,Used Imports,Electric,1
2019,March,Sligo,Used Imports,Electric,1
2019,April,Sligo,Used Imports,Electric,1
2019,May,Sligo,Used Imports,Electric,1
2019,August,Sligo,Used Imports,Electric,1
2019,January,Sligo,New Irish Registrations,Hybrid,29
2019,February,Sligo,New Irish Registrations,Hybrid,12
2019,March,Sligo,New Irish Registrations,Hybrid,9
2019,April,Sligo,New Irish Registrations,Hybrid,19
2019,May,Sligo,New Irish Registrations,Hybrid,7
2019,June,Sligo,New Irish Registrations,Hybrid,5
2019,July,Sligo,New Irish Registrations,Hybrid,19
2019,August,Sligo,New Irish Registrations,Hybrid,4
2019,September,Sligo,New Irish Registrations,Hybrid,1
2019,October,Sligo,New Irish Registrations,Hybrid,1
2019,January,Sligo,Used Imports,Hybrid,2
2019,February,Sligo,Used Imports,Hybrid,2
2019,March,Sligo,Used Imports,Hybrid,5
2019,April,Sligo,Used Imports,Hybrid,6
2019,May,Sligo,Used Imports,Hybrid,2
2019,June,Sligo,Used Imports,Hybrid,3
2019,July,Sligo,Used Imports,Hybrid,5
2019,August,Sligo,Used Imports,Hybrid,1
2019,September,Sligo,Used Imports,Hybrid,6
2019,October,Sligo,Used Imports,Hybrid,4
2019,January,Carlow,New Irish Registrations,Non electric,369
2019,February,Carlow,New Irish Registrations,Non electric,124
2019,March,Carlow,New Irish Registrations,Non electric,154
2019,April,Carlow,New Irish Registrations,Non electric,68
2019,May,Carlow,New Irish Registrations,Non electric,45
2019,June,Carlow,New Irish Registrations,Non electric,3
2019,July,Carlow,New Irish Registrations,Non electric,240
2019,August,Carlow,New Irish Registrations,Non electric,41
2019,September,Carlow,New Irish Registrations,Non electric,34
2019,October,Carlow,New Irish Registrations,Non electric,7
2019,January,Carlow,Used Imports,Non electric,82
2019,February,Carlow,Used Imports,Non electric,79
2019,March,Carlow,Used Imports,Non electric,77
2019,April,Carlow,Used Imports,Non electric,89
2019,May,Carlow,Used Imports,Non electric,74
2019,June,Carlow,Used Imports,Non electric,81
2019,July,Carlow,Used Imports,Non electric,66
2019,August,Carlow,Used Imports,Non electric,66
2019,September,Carlow,Used Imports,Non electric,86
2019,October,Carlow,Used Imports,Non electric,102
2019,January,Carlow,New Irish Registrations,Electric,16
2019,February,Carlow,New Irish Registrations,Electric,1
2019,March,Carlow,New Irish Registrations,Electric,2
2019,April,Carlow,New Irish Registrations,Electric,3
2019,May,Carlow,New Irish Registrations,Electric,2
2019,July,Carlow,New Irish Registrations,Electric,12
2019,August,Carlow,New Irish Registrations,Electric,2
2019,October,Carlow,New Irish Registrations,Electric,1
2019,January,Carlow,Used Imports,Electric,1
2019,October,Carlow,Used Imports,Electric,1
2019,January,Carlow,New Irish Registrations,Hybrid,25
2019,February,Carlow,New Irish Registrations,Hybrid,12
2019,March,Carlow,New Irish Registrations,Hybrid,35
2019,April,Carlow,New Irish Registrations,Hybrid,7
2019,May,Carlow,New Irish Registrations,Hybrid,4
2019,July,Carlow,New Irish Registrations,Hybrid,29
2019,August,Carlow,New Irish Registrations,Hybrid,7
2019,September,Carlow,New Irish Registrations,Hybrid,1
2019,October,Carlow,New Irish Registrations,Hybrid,3
2019,January,Carlow,Used Imports,Hybrid,3
2019,February,Carlow,Used Imports,Hybrid,5
2019,March,Carlow,Used Imports,Hybrid,2
2019,April,Carlow,Used Imports,Hybrid,6
2019,May,Carlow,Used Imports,Hybrid,2
2019,June,Carlow,Used Imports,Hybrid,1
2019,July,Carlow,Used Imports,Hybrid,7
2019,August,Carlow,Used Imports,Hybrid,2
2019,September,Carlow,Used Imports,Hybrid,1
2019,October,Carlow,Used Imports,Hybrid,5
2019,January,Dublin,New Irish Registrations,Non electric,3
2019,February,Dublin,New Irish Registrations,Non electric,5
2019,March,Dublin,New Irish Registrations,Non electric,2
2019,April,Dublin,New Irish Registrations,Non electric,6
2019,May,Dublin,New Irish Registrations,Non electric,2
2019,June,Dublin,New Irish Registrations,Non electric,1
2019,July,Dublin,New Irish Registrations,Non electric,7
2019,August,Dublin,New Irish Registrations,Non electric,2
2019,September,Dublin,New Irish Registrations,Non electric,"1,453"
2019,October,Dublin,New Irish Registrations,Non electric,867
2019,January,Dublin,New Imports,Non electric,"10,163"
2019,February,Dublin,New Imports,Non electric,"5,851"
2019,March,Dublin,New Imports,Non electric,"6,866"
2019,April,Dublin,New Imports,Non electric,"3,928"
2019,May,Dublin,New Imports,Non electric,"3,230"
2019,June,Dublin,New Imports,Non electric,848
2019,July,Dublin,New Imports,Non electric,"10,081"
2019,August,Dublin,New Imports,Non electric,"1,989"
2019,September,Dublin,New Imports,Non electric,"1,453"
2019,October,Dublin,New Imports,Non electric,867
2019,January,Dublin,Used Imports,Non electric,"10,163"
2019,February,Dublin,Used Imports,Non electric,"5,851"
2019,March,Dublin,Used Imports,Non electric,"6,866"
2019,April,Dublin,Used Imports,Non electric,"3,928"
2019,May,Dublin,Used Imports,Non electric,"3,230"
2019,June,Dublin,Used Imports,Non electric,848
2019,July,Dublin,Used Imports,Non electric,"10,081"
2019,August,Dublin,Used Imports,Non electric,"2,506"
2019,September,Dublin,Used Imports,Non electric,"2,592"
2019,October,Dublin,Used Imports,Non electric,"2,861"
2019,January,Dublin,New Irish Registrations,Electric,318
2019,February,Dublin,New Irish Registrations,Electric,159
2019,March,Dublin,New Irish Registrations,Electric,154
2019,April,Dublin,New Irish Registrations,Electric,149
2019,May,Dublin,New Irish Registrations,Electric,74
2019,June,Dublin,New Irish Registrations,Electric,32
2019,July,Dublin,New Irish Registrations,Electric,282
2019,August,Dublin,New Irish Registrations,Electric,84
2019,September,Dublin,New Irish Registrations,Electric,66
2019,October,Dublin,New Irish Registrations,Electric,153
2019,January,Dublin,Used Imports,Electric,28
2019,February,Dublin,Used Imports,Electric,18
2019,March,Dublin,Used Imports,Electric,24
2019,April,Dublin,Used Imports,Electric,17
2019,May,Dublin,Used Imports,Electric,17
2019,June,Dublin,Used Imports,Electric,23
2019,July,Dublin,Used Imports,Electric,23
2019,August,Dublin,Used Imports,Electric,16
2019,September,Dublin,Used Imports,Electric,39
2019,October,Dublin,Used Imports,Electric,46
2019,January,Dublin,New Irish Registrations,Hybrid,957
2019,February,Dublin,New Irish Registrations,Hybrid,505
2019,March,Dublin,New Irish Registrations,Hybrid,711
2019,April,Dublin,New Irish Registrations,Hybrid,530
2019,May,Dublin,New Irish Registrations,Hybrid,331
2019,June,Dublin,New Irish Registrations,Hybrid,99
2019,July,Dublin,New Irish Registrations,Hybrid,"1,197"
2019,August,Dublin,New Irish Registrations,Hybrid,194
2019,September,Dublin,New Irish Registrations,Hybrid,139
2019,October,Dublin,New Irish Registrations,Hybrid,110
2019,May,Dublin,New Imports,Hybrid,1
2019,July,Dublin,New Imports,Hybrid,1
2019,January,Dublin,Used Imports,Hybrid,439
2019,February,Dublin,Used Imports,Hybrid,467
2019,March,Dublin,Used Imports,Hybrid,377
2019,April,Dublin,Used Imports,Hybrid,423
2019,May,Dublin,Used Imports,Hybrid,521
2019,June,Dublin,Used Imports,Hybrid,404
2019,July,Dublin,Used Imports,Hybrid,454
2019,August,Dublin,Used Imports,Hybrid,453
2019,September,Dublin,Used Imports,Hybrid,471
2019,October,Dublin,Used Imports,Hybrid,567
2019,January,Kildare,New Irish Registrations,Non electric,"1,269"
2019,February,Kildare,New Irish Registrations,Non electric,526
2019,March,Kildare,New Irish Registrations,Non electric,424
2019,April,Kildare,New Irish Registrations,Non electric,223
2019,May,Kildare,New Irish Registrations,Non electric,194
2019,June,Kildare,New Irish Registrations,Non electric,25
2019,July,Kildare,New Irish Registrations,Non electric,754
2019,August,Kildare,New Irish Registrations,Non electric,188
2019,September,Kildare,New Irish Registrations,Non electric,112
2019,October,Kildare,New Irish Registrations,Non electric,48
2019,January,Kildare,New Imports,Non electric,1
2019,May,Kildare,New Imports,Non electric,2
2019,August,Kildare,New Imports,Non electric,1
2019,January,Kildare,Used Imports,Non electric,360
2019,February,Kildare,Used Imports,Non electric,335
2019,March,Kildare,Used Imports,Non electric,356
2019,April,Kildare,Used Imports,Non electric,334
2019,May,Kildare,Used Imports,Non electric,334
2019,June,Kildare,Used Imports,Non electric,317
2019,July,Kildare,Used Imports,Non electric,410
2019,August,Kildare,Used Imports,Non electric,386
2019,September,Kildare,Used Imports,Non electric,426
2019,October,Kildare,Used Imports,Non electric,458
2019,January,Kildare,New Irish Registrations,Electric,30
2019,February,Kildare,New Irish Registrations,Electric,19
2019,March,Kildare,New Irish Registrations,Electric,21
2019,April,Kildare,New Irish Registrations,Electric,24
2019,May,Kildare,New Irish Registrations,Electric,9
2019,June,Kildare,New Irish Registrations,Electric,2
2019,July,Kildare,New Irish Registrations,Electric,39
2019,August,Kildare,New Irish Registrations,Electric,5
2019,September,Kildare,New Irish Registrations,Electric,6
2019,October,Kildare,New Irish Registrations,Electric,12
2019,January,Kildare,Used Imports,Electric,3
2019,February,Kildare,Used Imports,Electric,6
2019,March,Kildare,Used Imports,Electric,6
2019,April,Kildare,Used Imports,Electric,3
2019,May,Kildare,Used Imports,Electric,2
2019,June,Kildare,Used Imports,Electric,2
2019,July,Kildare,Used Imports,Electric,1
2019,August,Kildare,Used Imports,Electric,3
2019,September,Kildare,Used Imports,Electric,1
2019,October,Kildare,Used Imports,Electric,1
2019,January,Kildare,New Irish Registrations,Hybrid,98
2019,February,Kildare,New Irish Registrations,Hybrid,64
2019,March,Kildare,New Irish Registrations,Hybrid,66
2019,April,Kildare,New Irish Registrations,Hybrid,30
2019,May,Kildare,New Irish Registrations,Hybrid,15
2019,June,Kildare,New Irish Registrations,Hybrid,4
2019,July,Kildare,New Irish Registrations,Hybrid,153
2019,August,Kildare,New Irish Registrations,Hybrid,23
2019,September,Kildare,New Irish Registrations,Hybrid,13
2019,October,Kildare,New Irish Registrations,Hybrid,11
2019,January,Kildare,Used Imports,Hybrid,32
2019,February,Kildare,Used Imports,Hybrid,30
2019,March,Kildare,Used Imports,Hybrid,25
2019,April,Kildare,Used Imports,Hybrid,31
2019,May,Kildare,Used Imports,Hybrid,27
2019,June,Kildare,Used Imports,Hybrid,18
2019,July,Kildare,Used Imports,Hybrid,31
2019,August,Kildare,Used Imports,Hybrid,34
2019,September,Kildare,Used Imports,Hybrid,31
2019,October,Kildare,Used Imports,Hybrid,44
2019,January,Kilkenny,New Irish Registrations,Non electric,658
2019,February,Kilkenny,New Irish Registrations,Non electric,248
2019,March,Kilkenny,New Irish Registrations,Non electric,227
2019,April,Kilkenny,New Irish Registrations,Non electric,137
2019,May,Kilkenny,New Irish Registrations,Non electric,76
2019,June,Kilkenny,New Irish Registrations,Non electric,5
2019,July,Kilkenny,New Irish Registrations,Non electric,340
2019,August,Kilkenny,New Irish Registrations,Non electric,74
2019,September,Kilkenny,New Irish Registrations,Non electric,35
2019,October,Kilkenny,New Irish Registrations,Non electric,26
2019,January,Kilkenny,Used Imports,Non electric,154
2019,February,Kilkenny,Used Imports,Non electric,107
2019,March,Kilkenny,Used Imports,Non electric,115
2019,April,Kilkenny,Used Imports,Non electric,141
2019,May,Kilkenny,Used Imports,Non electric,131
2019,June,Kilkenny,Used Imports,Non electric,97
2019,July,Kilkenny,Used Imports,Non electric,125
2019,August,Kilkenny,Used Imports,Non electric,138
2019,September,Kilkenny,Used Imports,Non electric,163
2019,October,Kilkenny,Used Imports,Non electric,175
2019,January,Kilkenny,New Irish Registrations,Electric,15
2019,February,Kilkenny,New Irish Registrations,Electric,2
2019,March,Kilkenny,New Irish Registrations,Electric,3
2019,April,Kilkenny,New Irish Registrations,Electric,5
2019,May,Kilkenny,New Irish Registrations,Electric,3
2019,July,Kilkenny,New Irish Registrations,Electric,13
2019,August,Kilkenny,New Irish Registrations,Electric,6
2019,September,Kilkenny,New Irish Registrations,Electric,3
2019,October,Kilkenny,New Irish Registrations,Electric,7
2019,September,Kilkenny,Used Imports,Electric,1
2019,October,Kilkenny,Used Imports,Electric,2
2019,January,Kilkenny,New Irish Registrations,Hybrid,44
2019,February,Kilkenny,New Irish Registrations,Hybrid,17
2019,March,Kilkenny,New Irish Registrations,Hybrid,23
2019,April,Kilkenny,New Irish Registrations,Hybrid,30
2019,May,Kilkenny,New Irish Registrations,Hybrid,9
2019,June,Kilkenny,New Irish Registrations,Hybrid,1
2019,July,Kilkenny,New Irish Registrations,Hybrid,36
2019,August,Kilkenny,New Irish Registrations,Hybrid,6
2019,September,Kilkenny,New Irish Registrations,Hybrid,5
2019,October,Kilkenny,New Irish Registrations,Hybrid,2
2019,January,Kilkenny,Used Imports,Hybrid,9
2019,February,Kilkenny,Used Imports,Hybrid,8
2019,March,Kilkenny,Used Imports,Hybrid,4
2019,April,Kilkenny,Used Imports,Hybrid,9
2019,May,Kilkenny,Used Imports,Hybrid,3
2019,June,Kilkenny,Used Imports,Hybrid,3
2019,July,Kilkenny,Used Imports,Hybrid,6
2019,August,Kilkenny,Used Imports,Hybrid,6
2019,September,Kilkenny,Used Imports,Hybrid,5
2019,October,Kilkenny,Used Imports,Hybrid,5
2019,January,Longford,New Irish Registrations,Non electric,149
2019,February,Longford,New Irish Registrations,Non electric,57
2019,March,Longford,New Irish Registrations,Non electric,41
2019,April,Longford,New Irish Registrations,Non electric,20
2019,May,Longford,New Irish Registrations,Non electric,16
2019,June,Longford,New Irish Registrations,Non electric,3
2019,July,Longford,New Irish Registrations,Non electric,87
2019,August,Longford,New Irish Registrations,Non electric,20
2019,September,Longford,New Irish Registrations,Non electric,8
2019,October,Longford,New Irish Registrations,Non electric,5
2019,January,Longford,Used Imports,Non electric,89
2019,February,Longford,Used Imports,Non electric,89
2019,March,Longford,Used Imports,Non electric,100
2019,April,Longford,Used Imports,Non electric,86
2019,May,Longford,Used Imports,Non electric,114
2019,June,Longford,Used Imports,Non electric,81
2019,July,Longford,Used Imports,Non electric,94
2019,August,Longford,Used Imports,Non electric,100
2019,September,Longford,Used Imports,Non electric,105
2019,October,Longford,Used Imports,Non electric,108
2019,January,Longford,New Irish Registrations,Electric,5
2019,February,Longford,New Irish Registrations,Electric,2
2019,March,Longford,New Irish Registrations,Electric,1
2019,April,Longford,New Irish Registrations,Electric,1
2019,May,Longford,New Irish Registrations,Electric,1
2019,July,Longford,New Irish Registrations,Electric,5
2019,August,Longford,New Irish Registrations,Electric,1
2019,October,Longford,New Irish Registrations,Electric,2
2019,April,Longford,Used Imports,Electric,1
2019,January,Longford,New Irish Registrations,Hybrid,19
2019,February,Longford,New Irish Registrations,Hybrid,10
2019,March,Longford,New Irish Registrations,Hybrid,11
2019,April,Longford,New Irish Registrations,Hybrid,17
2019,May,Longford,New Irish Registrations,Hybrid,4
2019,June,Longford,New Irish Registrations,Hybrid,1
2019,July,Longford,New Irish Registrations,Hybrid,14
2019,August,Longford,New Irish Registrations,Hybrid,4
2019,October,Longford,New Irish Registrations,Hybrid,3
2019,February,Longford,Used Imports,Hybrid,1
2019,March,Longford,Used Imports,Hybrid,3
2019,April,Longford,Used Imports,Hybrid,3
2019,May,Longford,Used Imports,Hybrid,2
2019,June,Longford,Used Imports,Hybrid,2
2019,August,Longford,Used Imports,Hybrid,6
2019,September,Longford,Used Imports,Hybrid,3
2019,October,Longford,Used Imports,Hybrid,3
2019,January,Louth,New Irish Registrations,Non electric,785
2019,February,Louth,New Irish Registrations,Non electric,306
2019,March,Louth,New Irish Registrations,Non electric,307
2019,April,Louth,New Irish Registrations,Non electric,161
2019,May,Louth,New Irish Registrations,Non electric,109
2019,June,Louth,New Irish Registrations,Non electric,15
2019,July,Louth,New Irish Registrations,Non electric,457
2019,August,Louth,New Irish Registrations,Non electric,77
2019,September,Louth,New Irish Registrations,Non electric,61
2019,October,Louth,New Irish Registrations,Non electric,37
2019,January,Louth,Used Imports,Non electric,287
2019,February,Louth,Used Imports,Non electric,316
2019,March,Louth,Used Imports,Non electric,304
2019,April,Louth,Used Imports,Non electric,273
2019,May,Louth,Used Imports,Non electric,329
2019,June,Louth,Used Imports,Non electric,285
2019,July,Louth,Used Imports,Non electric,331
2019,August,Louth,Used Imports,Non electric,343
2019,September,Louth,Used Imports,Non electric,322
2019,October,Louth,Used Imports,Non electric,380
2019,January,Louth,New Irish Registrations,Electric,25
2019,February,Louth,New Irish Registrations,Electric,5
2019,March,Louth,New Irish Registrations,Electric,8
2019,April,Louth,New Irish Registrations,Electric,4
2019,May,Louth,New Irish Registrations,Electric,6
2019,June,Louth,New Irish Registrations,Electric,1
2019,July,Louth,New Irish Registrations,Electric,20
2019,August,Louth,New Irish Registrations,Electric,6
2019,September,Louth,New Irish Registrations,Electric,1
2019,October,Louth,New Irish Registrations,Electric,1
2019,January,Louth,Used Imports,Electric,1
2019,March,Louth,Used Imports,Electric,1
2019,April,Louth,Used Imports,Electric,1
2019,May,Louth,Used Imports,Electric,2
2019,August,Louth,Used Imports,Electric,2
2019,September,Louth,Used Imports,Electric,1
2019,October,Louth,Used Imports,Electric,2
2019,January,Louth,New Irish Registrations,Hybrid,43
2019,February,Louth,New Irish Registrations,Hybrid,28
2019,March,Louth,New Irish Registrations,Hybrid,41
2019,April,Louth,New Irish Registrations,Hybrid,28
2019,May,Louth,New Irish Registrations,Hybrid,20
2019,June,Louth,New Irish Registrations,Hybrid,5
2019,July,Louth,New Irish Registrations,Hybrid,49
2019,August,Louth,New Irish Registrations,Hybrid,13
2019,September,Louth,New Irish Registrations,Hybrid,7
2019,October,Louth,New Irish Registrations,Hybrid,7
2019,January,Louth,Used Imports,Hybrid,9
2019,February,Louth,Used Imports,Hybrid,9
2019,March,Louth,Used Imports,Hybrid,20
2019,April,Louth,Used Imports,Hybrid,8
2019,May,Louth,Used Imports,Hybrid,15
2019,June,Louth,Used Imports,Hybrid,5
2019,July,Louth,Used Imports,Hybrid,17
2019,August,Louth,Used Imports,Hybrid,18
2019,September,Louth,Used Imports,Hybrid,15
2019,October,Louth,Used Imports,Hybrid,16
2019,January,Laois,New Irish Registrations,Non electric,424
2019,February,Laois,New Irish Registrations,Non electric,145
2019,March,Laois,New Irish Registrations,Non electric,154
2019,April,Laois,New Irish Registrations,Non electric,88
2019,May,Laois,New Irish Registrations,Non electric,50
2019,June,Laois,New Irish Registrations,Non electric,5
2019,July,Laois,New Irish Registrations,Non electric,199
2019,August,Laois,New Irish Registrations,Non electric,67
2019,September,Laois,New Irish Registrations,Non electric,33
2019,October,Laois,New Irish Registrations,Non electric,18
2019,January,Laois,Used Imports,Non electric,114
2019,February,Laois,Used Imports,Non electric,102
2019,March,Laois,Used Imports,Non electric,126
2019,April,Laois,Used Imports,Non electric,112
2019,May,Laois,Used Imports,Non electric,120
2019,June,Laois,Used Imports,Non electric,124
2019,July,Laois,Used Imports,Non electric,137
2019,August,Laois,Used Imports,Non electric,126
2019,September,Laois,Used Imports,Non electric,134
2019,October,Laois,Used Imports,Non electric,140
2019,January,Laois,New Irish Registrations,Electric,8
2019,February,Laois,New Irish Registrations,Electric,3
2019,March,Laois,New Irish Registrations,Electric,2
2019,April,Laois,New Irish Registrations,Electric,3
2019,July,Laois,New Irish Registrations,Electric,11
2019,August,Laois,New Irish Registrations,Electric,2
2019,September,Laois,New Irish Registrations,Electric,1
2019,October,Laois,New Irish Registrations,Electric,2
2019,January,Laois,Used Imports,Electric,1
2019,May,Laois,Used Imports,Electric,3
2019,June,Laois,Used Imports,Electric,1
2019,October,Laois,Used Imports,Electric,1
2019,January,Laois,New Irish Registrations,Hybrid,28
2019,February,Laois,New Irish Registrations,Hybrid,15
2019,March,Laois,New Irish Registrations,Hybrid,9
2019,April,Laois,New Irish Registrations,Hybrid,21
2019,May,Laois,New Irish Registrations,Hybrid,4
2019,July,Laois,New Irish Registrations,Hybrid,33
2019,August,Laois,New Irish Registrations,Hybrid,2
2019,September,Laois,New Irish Registrations,Hybrid,1
2019,October,Laois,New Irish Registrations,Hybrid,2
2019,January,Laois,Used Imports,Hybrid,7
2019,February,Laois,Used Imports,Hybrid,5
2019,March,Laois,Used Imports,Hybrid,11
2019,April,Laois,Used Imports,Hybrid,5
2019,May,Laois,Used Imports,Hybrid,5
2019,June,Laois,Used Imports,Hybrid,6
2019,July,Laois,Used Imports,Hybrid,1
2019,August,Laois,Used Imports,Hybrid,6
2019,September,Laois,Used Imports,Hybrid,12
2019,October,Laois,Used Imports,Hybrid,14
2019,January,Meath,New Irish Registrations,Non electric,927
2019,February,Meath,New Irish Registrations,Non electric,394
2019,March,Meath,New Irish Registrations,Non electric,322
2019,April,Meath,New Irish Registrations,Non electric,155
2019,May,Meath,New Irish Registrations,Non electric,104
2019,June,Meath,New Irish Registrations,Non electric,14
2019,July,Meath,New Irish Registrations,Non electric,601
2019,August,Meath,New Irish Registrations,Non electric,118
2019,September,Meath,New Irish Registrations,Non electric,83
2019,October,Meath,New Irish Registrations,Non electric,33
2019,April,Meath,New Imports,Non electric,1
2019,May,Meath,New Imports,Non electric,1
2019,September,Meath,New Imports,Non electric,1
2019,January,Meath,Used Imports,Non electric,345
2019,February,Meath,Used Imports,Non electric,318
2019,March,Meath,Used Imports,Non electric,364
2019,April,Meath,Used Imports,Non electric,365
2019,May,Meath,Used Imports,Non electric,347
2019,June,Meath,Used Imports,Non electric,335
2019,July,Meath,Used Imports,Non electric,382
2019,August,Meath,Used Imports,Non electric,356
2019,September,Meath,Used Imports,Non electric,414
2019,October,Meath,Used Imports,Non electric,475
2019,January,Meath,New Irish Registrations,Electric,35
2019,February,Meath,New Irish Registrations,Electric,10
2019,March,Meath,New Irish Registrations,Electric,8
2019,April,Meath,New Irish Registrations,Electric,8
2019,May,Meath,New Irish Registrations,Electric,9
2019,June,Meath,New Irish Registrations,Electric,3
2019,July,Meath,New Irish Registrations,Electric,37
2019,August,Meath,New Irish Registrations,Electric,7
2019,September,Meath,New Irish Registrations,Electric,6
2019,October,Meath,New Irish Registrations,Electric,3
2019,January,Meath,Used Imports,Electric,1
2019,February,Meath,Used Imports,Electric,3
2019,March,Meath,Used Imports,Electric,5
2019,April,Meath,Used Imports,Electric,1
2019,May,Meath,Used Imports,Electric,4
2019,June,Meath,Used Imports,Electric,5
2019,August,Meath,Used Imports,Electric,1
2019,September,Meath,Used Imports,Electric,4
2019,October,Meath,Used Imports,Electric,4
2019,January,Meath,New Irish Registrations,Hybrid,89
2019,February,Meath,New Irish Registrations,Hybrid,55
2019,March,Meath,New Irish Registrations,Hybrid,56
2019,April,Meath,New Irish Registrations,Hybrid,48
2019,May,Meath,New Irish Registrations,Hybrid,20
2019,June,Meath,New Irish Registrations,Hybrid,13
2019,July,Meath,New Irish Registrations,Hybrid,78
2019,August,Meath,New Irish Registrations,Hybrid,22
2019,September,Meath,New Irish Registrations,Hybrid,9
2019,October,Meath,New Irish Registrations,Hybrid,8
2019,January,Meath,Used Imports,Hybrid,26
2019,February,Meath,Used Imports,Hybrid,20
2019,March,Meath,Used Imports,Hybrid,19
2019,April,Meath,Used Imports,Hybrid,11
2019,May,Meath,Used Imports,Hybrid,12
2019,June,Meath,Used Imports,Hybrid,24
2019,July,Meath,Used Imports,Hybrid,33
2019,August,Meath,Used Imports,Hybrid,32
2019,September,Meath,Used Imports,Hybrid,26
2019,October,Meath,Used Imports,Hybrid,32
2019,January,Offaly,New Irish Registrations,Non electric,371
2019,February,Offaly,New Irish Registrations,Non electric,134
2019,March,Offaly,New Irish Registrations,Non electric,132
2019,April,Offaly,New Irish Registrations,Non electric,58
2019,May,Offaly,New Irish Registrations,Non electric,46
2019,June,Offaly,New Irish Registrations,Non electric,6
2019,July,Offaly,New Irish Registrations,Non electric,232
2019,August,Offaly,New Irish Registrations,Non electric,49
2019,September,Offaly,New Irish Registrations,Non electric,22
2019,October,Offaly,New Irish Registrations,Non electric,18
2019,January,Offaly,Used Imports,Non electric,95
2019,February,Offaly,Used Imports,Non electric,84
2019,March,Offaly,Used Imports,Non electric,88
2019,April,Offaly,Used Imports,Non electric,76
2019,May,Offaly,Used Imports,Non electric,104
2019,June,Offaly,Used Imports,Non electric,86
2019,July,Offaly,Used Imports,Non electric,84
2019,August,Offaly,Used Imports,Non electric,104
2019,September,Offaly,Used Imports,Non electric,98
2019,October,Offaly,Used Imports,Non electric,117
2019,January,Offaly,New Irish Registrations,Electric,7
2019,February,Offaly,New Irish Registrations,Electric,1
2019,March,Offaly,New Irish Registrations,Electric,4
2019,April,Offaly,New Irish Registrations,Electric,1
2019,July,Offaly,New Irish Registrations,Electric,9
2019,August,Offaly,New Irish Registrations,Electric,4
2019,October,Offaly,New Irish Registrations,Electric,1
2019,January,Offaly,New Irish Registrations,Hybrid,42
2019,February,Offaly,New Irish Registrations,Hybrid,15
2019,March,Offaly,New Irish Registrations,Hybrid,21
2019,April,Offaly,New Irish Registrations,Hybrid,30
2019,May,Offaly,New Irish Registrations,Hybrid,6
2019,July,Offaly,New Irish Registrations,Hybrid,35
2019,August,Offaly,New Irish Registrations,Hybrid,6
2019,September,Offaly,New Irish Registrations,Hybrid,2
2019,October,Offaly,New Irish Registrations,Hybrid,4
2019,January,Offaly,Used Imports,Hybrid,5
2019,February,Offaly,Used Imports,Hybrid,1
2019,March,Offaly,Used Imports,Hybrid,1
2019,April,Offaly,Used Imports,Hybrid,1
2019,May,Offaly,Used Imports,Hybrid,3
2019,June,Offaly,Used Imports,Hybrid,3
2019,July,Offaly,Used Imports,Hybrid,2
2019,August,Offaly,Used Imports,Hybrid,2
2019,September,Offaly,Used Imports,Hybrid,7
2019,October,Offaly,Used Imports,Hybrid,3
2019,January,Westmeath,New Irish Registrations,Non electric,437
2019,February,Westmeath,New Irish Registrations,Non electric,172
2019,March,Westmeath,New Irish Registrations,Non electric,142
2019,April,Westmeath,New Irish Registrations,Non electric,93
2019,May,Westmeath,New Irish Registrations,Non electric,33
2019,June,Westmeath,New Irish Registrations,Non electric,3
2019,July,Westmeath,New Irish Registrations,Non electric,282
2019,August,Westmeath,New Irish Registrations,Non electric,50
2019,September,Westmeath,New Irish Registrations,Non electric,34
2019,October,Westmeath,New Irish Registrations,Non electric,24
2019,January,Westmeath,Used Imports,Non electric,154
2019,February,Westmeath,Used Imports,Non electric,137
2019,March,Westmeath,Used Imports,Non electric,124
2019,April,Westmeath,Used Imports,Non electric,154
2019,May,Westmeath,Used Imports,Non electric,156
2019,June,Westmeath,Used Imports,Non electric,133
2019,July,Westmeath,Used Imports,Non electric,173
2019,August,Westmeath,Used Imports,Non electric,148
2019,September,Westmeath,Used Imports,Non electric,149
2019,October,Westmeath,Used Imports,Non electric,194
2019,January,Westmeath,New Irish Registrations,Electric,15
2019,February,Westmeath,New Irish Registrations,Electric,11
2019,March,Westmeath,New Irish Registrations,Electric,2
2019,April,Westmeath,New Irish Registrations,Electric,2
2019,May,Westmeath,New Irish Registrations,Electric,3
2019,June,Westmeath,New Irish Registrations,Electric,1
2019,July,Westmeath,New Irish Registrations,Electric,19
2019,August,Westmeath,New Irish Registrations,Electric,1
2019,September,Westmeath,New Irish Registrations,Electric,3
2019,October,Westmeath,New Irish Registrations,Electric,4
2019,January,Westmeath,Used Imports,Electric,1
2019,March,Westmeath,Used Imports,Electric,1
2019,June,Westmeath,Used Imports,Electric,2
2019,August,Westmeath,Used Imports,Electric,2
2019,October,Westmeath,Used Imports,Electric,1
2019,January,Westmeath,New Irish Registrations,Hybrid,55
2019,February,Westmeath,New Irish Registrations,Hybrid,18
2019,March,Westmeath,New Irish Registrations,Hybrid,31
2019,April,Westmeath,New Irish Registrations,Hybrid,43
2019,May,Westmeath,New Irish Registrations,Hybrid,6
2019,July,Westmeath,New Irish Registrations,Hybrid,65
2019,August,Westmeath,New Irish Registrations,Hybrid,10
2019,September,Westmeath,New Irish Registrations,Hybrid,4
2019,October,Westmeath,New Irish Registrations,Hybrid,5
2019,January,Westmeath,Used Imports,Hybrid,4
2019,February,Westmeath,Used Imports,Hybrid,3
2019,March,Westmeath,Used Imports,Hybrid,3
2019,April,Westmeath,Used Imports,Hybrid,6
2019,May,Westmeath,Used Imports,Hybrid,6
2019,June,Westmeath,Used Imports,Hybrid,3
2019,July,Westmeath,Used Imports,Hybrid,8
2019,August,Westmeath,Used Imports,Hybrid,2
2019,September,Westmeath,Used Imports,Hybrid,7
2019,October,Westmeath,Used Imports,Hybrid,3
2019,January,Wicklow,New Irish Registrations,Non electric,690
2019,February,Wicklow,New Irish Registrations,Non electric,270
2019,March,Wicklow,New Irish Registrations,Non electric,232
2019,April,Wicklow,New Irish Registrations,Non electric,130
2019,May,Wicklow,New Irish Registrations,Non electric,78
2019,June,Wicklow,New Irish Registrations,Non electric,14
2019,July,Wicklow,New Irish Registrations,Non electric,382
2019,August,Wicklow,New Irish Registrations,Non electric,88
2019,September,Wicklow,New Irish Registrations,Non electric,54
2019,October,Wicklow,New Irish Registrations,Non electric,23
2019,February,Wicklow,New Imports,Non electric,1
2019,April,Wicklow,New Imports,Non electric,1
2019,October,Wicklow,New Imports,Non electric,1
2019,January,Wicklow,Used Imports,Non electric,198
2019,February,Wicklow,Used Imports,Non electric,165
2019,March,Wicklow,Used Imports,Non electric,178
2019,April,Wicklow,Used Imports,Non electric,161
2019,May,Wicklow,Used Imports,Non electric,171
2019,June,Wicklow,Used Imports,Non electric,158
2019,July,Wicklow,Used Imports,Non electric,176
2019,August,Wicklow,Used Imports,Non electric,218
2019,September,Wicklow,Used Imports,Non electric,193
2019,October,Wicklow,Used Imports,Non electric,225
2019,January,Wicklow,New Irish Registrations,Electric,32
2019,February,Wicklow,New Irish Registrations,Electric,14
2019,March,Wicklow,New Irish Registrations,Electric,13
2019,April,Wicklow,New Irish Registrations,Electric,12
2019,May,Wicklow,New Irish Registrations,Electric,7
2019,June,Wicklow,New Irish Registrations,Electric,1
2019,July,Wicklow,New Irish Registrations,Electric,38
2019,August,Wicklow,New Irish Registrations,Electric,10
2019,September,Wicklow,New Irish Registrations,Electric,2
2019,October,Wicklow,New Irish Registrations,Electric,5
2019,February,Wicklow,Used Imports,Electric,3
2019,March,Wicklow,Used Imports,Electric,3
2019,April,Wicklow,Used Imports,Electric,4
2019,May,Wicklow,Used Imports,Electric,3
2019,June,Wicklow,Used Imports,Electric,1
2019,July,Wicklow,Used Imports,Electric,4
2019,August,Wicklow,Used Imports,Electric,3
2019,September,Wicklow,Used Imports,Electric,5
2019,October,Wicklow,Used Imports,Electric,5
2019,January,Wicklow,New Irish Registrations,Hybrid,54
2019,February,Wicklow,New Irish Registrations,Hybrid,34
2019,March,Wicklow,New Irish Registrations,Hybrid,31
2019,April,Wicklow,New Irish Registrations,Hybrid,20
2019,May,Wicklow,New Irish Registrations,Hybrid,21
2019,June,Wicklow,New Irish Registrations,Hybrid,2
2019,July,Wicklow,New Irish Registrations,Hybrid,46
2019,August,Wicklow,New Irish Registrations,Hybrid,10
2019,September,Wicklow,New Irish Registrations,Hybrid,8
2019,October,Wicklow,New Irish Registrations,Hybrid,6
2019,January,Wicklow,Used Imports,Hybrid,20
2019,February,Wicklow,Used Imports,Hybrid,17
2019,March,Wicklow,Used Imports,Hybrid,19
2019,April,Wicklow,Used Imports,Hybrid,24
2019,May,Wicklow,Used Imports,Hybrid,24
2019,June,Wicklow,Used Imports,Hybrid,19
2019,July,Wicklow,Used Imports,Hybrid,25
2019,August,Wicklow,Used Imports,Hybrid,27
2019,September,Wicklow,Used Imports,Hybrid,23
2019,October,Wicklow,Used Imports,Hybrid,22
2019,January,Wexford,New Irish Registrations,Non electric,824
2019,February,Wexford,New Irish Registrations,Non electric,264
2019,March,Wexford,New Irish Registrations,Non electric,401
2019,April,Wexford,New Irish Registrations,Non electric,140
2019,May,Wexford,New Irish Registrations,Non electric,88
2019,June,Wexford,New Irish Registrations,Non electric,8
2019,July,Wexford,New Irish Registrations,Non electric,497
2019,August,Wexford,New Irish Registrations,Non electric,100
2019,September,Wexford,New Irish Registrations,Non electric,50
2019,October,Wexford,New Irish Registrations,Non electric,42
2019,January,Wexford,Used Imports,Non electric,238
2019,February,Wexford,Used Imports,Non electric,239
2019,March,Wexford,Used Imports,Non electric,231
2019,April,Wexford,Used Imports,Non electric,239
2019,May,Wexford,Used Imports,Non electric,217
2019,June,Wexford,Used Imports,Non electric,205
2019,July,Wexford,Used Imports,Non electric,220
2019,August,Wexford,Used Imports,Non electric,274
2019,September,Wexford,Used Imports,Non electric,314
2019,October,Wexford,Used Imports,Non electric,303
2019,January,Wexford,New Irish Registrations,Electric,23
2019,February,Wexford,New Irish Registrations,Electric,5
2019,March,Wexford,New Irish Registrations,Electric,6
2019,April,Wexford,New Irish Registrations,Electric,6
2019,May,Wexford,New Irish Registrations,Electric,7
2019,June,Wexford,New Irish Registrations,Electric,1
2019,July,Wexford,New Irish Registrations,Electric,26
2019,August,Wexford,New Irish Registrations,Electric,3
2019,September,Wexford,New Irish Registrations,Electric,1
2019,October,Wexford,New Irish Registrations,Electric,6
2019,March,Wexford,Used Imports,Electric,1
2019,April,Wexford,Used Imports,Electric,1
2019,May,Wexford,Used Imports,Electric,2
2019,June,Wexford,Used Imports,Electric,1
2019,August,Wexford,Used Imports,Electric,3
2019,October,Wexford,Used Imports,Electric,2
2019,January,Wexford,New Irish Registrations,Hybrid,58
2019,February,Wexford,New Irish Registrations,Hybrid,33
2019,March,Wexford,New Irish Registrations,Hybrid,32
2019,April,Wexford,New Irish Registrations,Hybrid,18
2019,May,Wexford,New Irish Registrations,Hybrid,8
2019,July,Wexford,New Irish Registrations,Hybrid,81
2019,August,Wexford,New Irish Registrations,Hybrid,9
2019,September,Wexford,New Irish Registrations,Hybrid,7
2019,October,Wexford,New Irish Registrations,Hybrid,2
2019,January,Wexford,Used Imports,Hybrid,9
2019,February,Wexford,Used Imports,Hybrid,5
2019,March,Wexford,Used Imports,Hybrid,8
2019,April,Wexford,Used Imports,Hybrid,2
2019,May,Wexford,Used Imports,Hybrid,6
2019,June,Wexford,Used Imports,Hybrid,14
2019,July,Wexford,Used Imports,Hybrid,8
2019,August,Wexford,Used Imports,Hybrid,14
2019,September,Wexford,Used Imports,Hybrid,9
2019,October,Wexford,Used Imports,Hybrid,9
2019,January,Cork,New Irish Registrations,Non electric,"3,967"
2019,February,Cork,New Irish Registrations,Non electric,"1,603"
2019,March,Cork,New Irish Registrations,Non electric,"1,877"
2019,April,Cork,New Irish Registrations,Non electric,765
2019,May,Cork,New Irish Registrations,Non electric,494
2019,June,Cork,New Irish Registrations,Non electric,96
2019,July,Cork,New Irish Registrations,Non electric,"2,170"
2019,August,Cork,New Irish Registrations,Non electric,555
2019,September,Cork,New Irish Registrations,Non electric,374
2019,October,Cork,New Irish Registrations,Non electric,162
2019,March,Cork,New Imports,Non electric,1
2019,September,Cork,New Imports,Non electric,2
2019,January,Cork,Used Imports,Non electric,728
2019,February,Cork,Used Imports,Non electric,727
2019,March,Cork,Used Imports,Non electric,750
2019,April,Cork,Used Imports,Non electric,858
2019,May,Cork,Used Imports,Non electric,845
2019,June,Cork,Used Imports,Non electric,653
2019,July,Cork,Used Imports,Non electric,835
2019,August,Cork,Used Imports,Non electric,897
2019,September,Cork,Used Imports,Non electric,"1,006"
2019,October,Cork,Used Imports,Non electric,"1,064"
2019,January,Cork,New Irish Registrations,Electric,93
2019,February,Cork,New Irish Registrations,Electric,39
2019,March,Cork,New Irish Registrations,Electric,39
2019,April,Cork,New Irish Registrations,Electric,34
2019,May,Cork,New Irish Registrations,Electric,24
2019,June,Cork,New Irish Registrations,Electric,10
2019,July,Cork,New Irish Registrations,Electric,76
2019,August,Cork,New Irish Registrations,Electric,16
2019,September,Cork,New Irish Registrations,Electric,8
2019,October,Cork,New Irish Registrations,Electric,21
2019,January,Cork,Used Imports,Electric,2
2019,February,Cork,Used Imports,Electric,4
2019,March,Cork,Used Imports,Electric,3
2019,April,Cork,Used Imports,Electric,5
2019,May,Cork,Used Imports,Electric,1
2019,June,Cork,Used Imports,Electric,4
2019,July,Cork,Used Imports,Electric,4
2019,August,Cork,Used Imports,Electric,2
2019,September,Cork,Used Imports,Electric,7
2019,October,Cork,Used Imports,Electric,7
2019,January,Cork,New Irish Registrations,Hybrid,346
2019,February,Cork,New Irish Registrations,Hybrid,226
2019,March,Cork,New Irish Registrations,Hybrid,189
2019,April,Cork,New Irish Registrations,Hybrid,107
2019,May,Cork,New Irish Registrations,Hybrid,78
2019,June,Cork,New Irish Registrations,Hybrid,16
2019,July,Cork,New Irish Registrations,Hybrid,349
2019,August,Cork,New Irish Registrations,Hybrid,61
2019,September,Cork,New Irish Registrations,Hybrid,39
2019,October,Cork,New Irish Registrations,Hybrid,19
2019,January,Cork,Used Imports,Hybrid,44
2019,February,Cork,Used Imports,Hybrid,48
2019,March,Cork,Used Imports,Hybrid,43
2019,April,Cork,Used Imports,Hybrid,41
2019,May,Cork,Used Imports,Hybrid,40
2019,June,Cork,Used Imports,Hybrid,65
2019,July,Cork,Used Imports,Hybrid,37
2019,August,Cork,Used Imports,Hybrid,48
2019,September,Cork,Used Imports,Hybrid,54
2019,October,Cork,Used Imports,Hybrid,65
2019,January,Clare,New Irish Registrations,Non electric,700
2019,February,Clare,New Irish Registrations,Non electric,263
2019,March,Clare,New Irish Registrations,Non electric,268
2019,April,Clare,New Irish Registrations,Non electric,121
2019,May,Clare,New Irish Registrations,Non electric,84
2019,June,Clare,New Irish Registrations,Non electric,11
2019,July,Clare,New Irish Registrations,Non electric,364
2019,August,Clare,New Irish Registrations,Non electric,77
2019,September,Clare,New Irish Registrations,Non electric,68
2019,October,Clare,New Irish Registrations,Non electric,38
2019,May,Clare,New Imports,Non electric,1
2019,September,Clare,New Imports,Non electric,1
2019,January,Clare,Used Imports,Non electric,234
2019,February,Clare,Used Imports,Non electric,221
2019,March,Clare,Used Imports,Non electric,245
2019,April,Clare,Used Imports,Non electric,256
2019,May,Clare,Used Imports,Non electric,203
2019,June,Clare,Used Imports,Non electric,195
2019,July,Clare,Used Imports,Non electric,220
2019,August,Clare,Used Imports,Non electric,239
2019,September,Clare,Used Imports,Non electric,228
2019,October,Clare,Used Imports,Non electric,285
2019,January,Clare,New Irish Registrations,Electric,17
2019,February,Clare,New Irish Registrations,Electric,2
2019,March,Clare,New Irish Registrations,Electric,4
2019,April,Clare,New Irish Registrations,Electric,1
2019,May,Clare,New Irish Registrations,Electric,3
2019,June,Clare,New Irish Registrations,Electric,1
2019,July,Clare,New Irish Registrations,Electric,17
2019,August,Clare,New Irish Registrations,Electric,3
2019,September,Clare,New Irish Registrations,Electric,3
2019,October,Clare,New Irish Registrations,Electric,2
2019,January,Clare,Used Imports,Electric,2
2019,February,Clare,Used Imports,Electric,1
2019,March,Clare,Used Imports,Electric,1
2019,May,Clare,Used Imports,Electric,1
2019,August,Clare,Used Imports,Electric,1
2019,September,Clare,Used Imports,Electric,1
2019,October,Clare,Used Imports,Electric,4
2019,January,Clare,New Irish Registrations,Hybrid,48
2019,February,Clare,New Irish Registrations,Hybrid,23
2019,March,Clare,New Irish Registrations,Hybrid,29
2019,April,Clare,New Irish Registrations,Hybrid,15
2019,May,Clare,New Irish Registrations,Hybrid,4
2019,June,Clare,New Irish Registrations,Hybrid,1
2019,July,Clare,New Irish Registrations,Hybrid,52
2019,August,Clare,New Irish Registrations,Hybrid,4
2019,September,Clare,New Irish Registrations,Hybrid,6
2019,October,Clare,New Irish Registrations,Hybrid,4
2019,January,Clare,Used Imports,Hybrid,11
2019,February,Clare,Used Imports,Hybrid,10
2019,March,Clare,Used Imports,Hybrid,1
2019,April,Clare,Used Imports,Hybrid,5
2019,May,Clare,Used Imports,Hybrid,4
2019,June,Clare,Used Imports,Hybrid,3
2019,July,Clare,Used Imports,Hybrid,7
2019,August,Clare,Used Imports,Hybrid,7
2019,September,Clare,Used Imports,Hybrid,15
2019,October,Clare,Used Imports,Hybrid,9
2019,January,Kerry,New Irish Registrations,Non electric,673
2019,February,Kerry,New Irish Registrations,Non electric,267
2019,March,Kerry,New Irish Registrations,Non electric,310
2019,April,Kerry,New Irish Registrations,Non electric,104
2019,May,Kerry,New Irish Registrations,Non electric,78
2019,June,Kerry,New Irish Registrations,Non electric,17
2019,July,Kerry,New Irish Registrations,Non electric,429
2019,August,Kerry,New Irish Registrations,Non electric,84
2019,September,Kerry,New Irish Registrations,Non electric,53
2019,October,Kerry,New Irish Registrations,Non electric,28
2019,January,Kerry,New Imports,Non electric,1
2019,January,Kerry,Used Imports,Non electric,195
2019,February,Kerry,Used Imports,Non electric,198
2019,March,Kerry,Used Imports,Non electric,195
2019,April,Kerry,Used Imports,Non electric,191
2019,May,Kerry,Used Imports,Non electric,196
2019,June,Kerry,Used Imports,Non electric,190
2019,July,Kerry,Used Imports,Non electric,188
2019,August,Kerry,Used Imports,Non electric,209
2019,September,Kerry,Used Imports,Non electric,190
2019,October,Kerry,Used Imports,Non electric,281
2019,January,Kerry,New Irish Registrations,Electric,16
2019,February,Kerry,New Irish Registrations,Electric,6
2019,March,Kerry,New Irish Registrations,Electric,2
2019,April,Kerry,New Irish Registrations,Electric,4
2019,May,Kerry,New Irish Registrations,Electric,1
2019,July,Kerry,New Irish Registrations,Electric,10
2019,August,Kerry,New Irish Registrations,Electric,1
2019,September,Kerry,New Irish Registrations,Electric,3
2019,October,Kerry,New Irish Registrations,Electric,3
2019,February,Kerry,Used Imports,Electric,1
2019,March,Kerry,Used Imports,Electric,1
2019,April,Kerry,Used Imports,Electric,1
2019,July,Kerry,Used Imports,Electric,1
2019,August,Kerry,Used Imports,Electric,2
2019,January,Kerry,New Irish Registrations,Hybrid,34
2019,February,Kerry,New Irish Registrations,Hybrid,24
2019,March,Kerry,New Irish Registrations,Hybrid,25
2019,April,Kerry,New Irish Registrations,Hybrid,22
2019,May,Kerry,New Irish Registrations,Hybrid,11
2019,June,Kerry,New Irish Registrations,Hybrid,7
2019,July,Kerry,New Irish Registrations,Hybrid,66
2019,August,Kerry,New Irish Registrations,Hybrid,10
2019,September,Kerry,New Irish Registrations,Hybrid,4
2019,October,Kerry,New Irish Registrations,Hybrid,6
2019,January,Kerry,Used Imports,Hybrid,7
2019,February,Kerry,Used Imports,Hybrid,3
2019,March,Kerry,Used Imports,Hybrid,8
2019,April,Kerry,Used Imports,Hybrid,5
2019,May,Kerry,Used Imports,Hybrid,6
2019,June,Kerry,Used Imports,Hybrid,3
2019,July,Kerry,Used Imports,Hybrid,6
2019,August,Kerry,Used Imports,Hybrid,5
2019,September,Kerry,Used Imports,Hybrid,9
2019,October,Kerry,Used Imports,Hybrid,11
2019,January,Limerick,New Irish Registrations,Non electric,"1,128"
2019,February,Limerick,New Irish Registrations,Non electric,488
2019,March,Limerick,New Irish Registrations,Non electric,467
2019,April,Limerick,New Irish Registrations,Non electric,200
2019,May,Limerick,New Irish Registrations,Non electric,139
2019,June,Limerick,New Irish Registrations,Non electric,20
2019,July,Limerick,New Irish Registrations,Non electric,634
2019,August,Limerick,New Irish Registrations,Non electric,160
2019,September,Limerick,New Irish Registrations,Non electric,114
2019,October,Limerick,New Irish Registrations,Non electric,58
2019,March,Limerick,New Imports,Non electric,1
2019,May,Limerick,New Imports,Non electric,1
2019,January,Limerick,Used Imports,Non electric,311
2019,February,Limerick,Used Imports,Non electric,347
2019,March,Limerick,Used Imports,Non electric,312
2019,April,Limerick,Used Imports,Non electric,318
2019,May,Limerick,Used Imports,Non electric,358
2019,June,Limerick,Used Imports,Non electric,244
2019,July,Limerick,Used Imports,Non electric,337
2019,August,Limerick,Used Imports,Non electric,327
2019,September,Limerick,Used Imports,Non electric,362
2019,October,Limerick,Used Imports,Non electric,397
2019,January,Limerick,New Irish Registrations,Electric,22
2019,February,Limerick,New Irish Registrations,Electric,10
2019,March,Limerick,New Irish Registrations,Electric,8
2019,April,Limerick,New Irish Registrations,Electric,4
2019,May,Limerick,New Irish Registrations,Electric,5
2019,July,Limerick,New Irish Registrations,Electric,18
2019,August,Limerick,New Irish Registrations,Electric,4
2019,September,Limerick,New Irish Registrations,Electric,3
2019,October,Limerick,New Irish Registrations,Electric,4
2019,March,Limerick,Used Imports,Electric,1
2019,April,Limerick,Used Imports,Electric,1
2019,September,Limerick,Used Imports,Electric,2
2019,October,Limerick,Used Imports,Electric,1
2019,January,Limerick,New Irish Registrations,Hybrid,104
2019,February,Limerick,New Irish Registrations,Hybrid,35
2019,March,Limerick,New Irish Registrations,Hybrid,61
2019,April,Limerick,New Irish Registrations,Hybrid,38
2019,May,Limerick,New Irish Registrations,Hybrid,13
2019,June,Limerick,New Irish Registrations,Hybrid,1
2019,July,Limerick,New Irish Registrations,Hybrid,92
2019,August,Limerick,New Irish Registrations,Hybrid,12
2019,September,Limerick,New Irish Registrations,Hybrid,7
2019,October,Limerick,New Irish Registrations,Hybrid,5
2019,January,Limerick,New Imports,Hybrid,104
2019,February,Limerick,New Imports,Hybrid,35
2019,January,Limerick,Used Imports,Hybrid,10
2019,February,Limerick,Used Imports,Hybrid,14
2019,March,Limerick,Used Imports,Hybrid,13
2019,April,Limerick,Used Imports,Hybrid,10
2019,May,Limerick,Used Imports,Hybrid,14
2019,June,Limerick,Used Imports,Hybrid,10
2019,July,Limerick,Used Imports,Hybrid,14
2019,August,Limerick,Used Imports,Hybrid,14
2019,September,Limerick,Used Imports,Hybrid,11
2019,October,Limerick,Used Imports,Hybrid,17
2019,January,Tipperary,New Irish Registrations,Non electric,914
2019,February,Tipperary,New Irish Registrations,Non electric,347
2019,March,Tipperary,New Irish Registrations,Non electric,393
2019,April,Tipperary,New Irish Registrations,Non electric,154
2019,May,Tipperary,New Irish Registrations,Non electric,107
2019,June,Tipperary,New Irish Registrations,Non electric,11
2019,July,Tipperary,New Irish Registrations,Non electric,498
2019,August,Tipperary,New Irish Registrations,Non electric,103
2019,September,Tipperary,New Irish Registrations,Non electric,58
2019,October,Tipperary,New Irish Registrations,Non electric,41
2019,January,Tipperary,Used Imports,Non electric,255
2019,February,Tipperary,Used Imports,Non electric,230
2019,March,Tipperary,Used Imports,Non electric,213
2019,April,Tipperary,Used Imports,Non electric,223
2019,May,Tipperary,Used Imports,Non electric,273
2019,June,Tipperary,Used Imports,Non electric,235
2019,July,Tipperary,Used Imports,Non electric,270
2019,August,Tipperary,Used Imports,Non electric,287
2019,September,Tipperary,Used Imports,Non electric,273
2019,October,Tipperary,Used Imports,Non electric,342
2019,January,Tipperary,New Irish Registrations,Electric,20
2019,February,Tipperary,New Irish Registrations,Electric,4
2019,March,Tipperary,New Irish Registrations,Electric,6
2019,April,Tipperary,New Irish Registrations,Electric,5
2019,May,Tipperary,New Irish Registrations,Electric,2
2019,July,Tipperary,New Irish Registrations,Electric,8
2019,August,Tipperary,New Irish Registrations,Electric,3
2019,October,Tipperary,New Irish Registrations,Electric,3
2019,February,Tipperary,Used Imports,Electric,2
2019,March,Tipperary,Used Imports,Electric,4
2019,April,Tipperary,Used Imports,Electric,1
2019,June,Tipperary,Used Imports,Electric,1
2019,September,Tipperary,Used Imports,Electric,3
2019,October,Tipperary,Used Imports,Electric,1
2019,January,Tipperary,New Irish Registrations,Hybrid,63
2019,February,Tipperary,New Irish Registrations,Hybrid,36
2019,March,Tipperary,New Irish Registrations,Hybrid,45
2019,April,Tipperary,New Irish Registrations,Hybrid,40
2019,May,Tipperary,New Irish Registrations,Hybrid,11
2019,June,Tipperary,New Irish Registrations,Hybrid,2
2019,July,Tipperary,New Irish Registrations,Hybrid,58
2019,August,Tipperary,New Irish Registrations,Hybrid,12
2019,September,Tipperary,New Irish Registrations,Hybrid,7
2019,October,Tipperary,New Irish Registrations,Hybrid,7
2019,January,Tipperary,Used Imports,Hybrid,13
2019,February,Tipperary,Used Imports,Hybrid,13
2019,March,Tipperary,Used Imports,Hybrid,14
2019,April,Tipperary,Used Imports,Hybrid,6
2019,May,Tipperary,Used Imports,Hybrid,14
2019,June,Tipperary,Used Imports,Hybrid,14
2019,July,Tipperary,Used Imports,Hybrid,14
2019,August,Tipperary,Used Imports,Hybrid,11
2019,September,Tipperary,Used Imports,Hybrid,11
2019,October,Tipperary,Used Imports,Hybrid,12
2019,January,Waterford,New Irish Registrations,Non electric,792
2019,February,Waterford,New Irish Registrations,Non electric,429
2019,March,Waterford,New Irish Registrations,Non electric,502
2019,April,Waterford,New Irish Registrations,Non electric,202
2019,May,Waterford,New Irish Registrations,Non electric,139
2019,June,Waterford,New Irish Registrations,Non electric,10
2019,July,Waterford,New Irish Registrations,Non electric,551
2019,August,Waterford,New Irish Registrations,Non electric,94
2019,September,Waterford,New Irish Registrations,Non electric,64
2019,October,Waterford,New Irish Registrations,Non electric,35
2019,January,Waterford,Used Imports,Non electric,152
2019,February,Waterford,Used Imports,Non electric,152
2019,March,Waterford,Used Imports,Non electric,147
2019,April,Waterford,Used Imports,Non electric,140
2019,May,Waterford,Used Imports,Non electric,143
2019,June,Waterford,Used Imports,Non electric,124
2019,July,Waterford,Used Imports,Non electric,148
2019,August,Waterford,Used Imports,Non electric,159
2019,September,Waterford,Used Imports,Non electric,185
2019,October,Waterford,Used Imports,Non electric,197
2019,January,Waterford,New Irish Registrations,Electric,19
2019,February,Waterford,New Irish Registrations,Electric,7
2019,March,Waterford,New Irish Registrations,Electric,7
2019,April,Waterford,New Irish Registrations,Electric,7
2019,May,Waterford,New Irish Registrations,Electric,5
2019,July,Waterford,New Irish Registrations,Electric,17
2019,August,Waterford,New Irish Registrations,Electric,1
2019,September,Waterford,New Irish Registrations,Electric,3
2019,October,Waterford,New Irish Registrations,Electric,3
2019,February,Waterford,Used Imports,Electric,1
2019,July,Waterford,Used Imports,Electric,1
2019,August,Waterford,Used Imports,Electric,3
2019,January,Waterford,New Irish Registrations,Hybrid,54
2019,February,Waterford,New Irish Registrations,Hybrid,18
2019,March,Waterford,New Irish Registrations,Hybrid,26
2019,April,Waterford,New Irish Registrations,Hybrid,20
2019,May,Waterford,New Irish Registrations,Hybrid,9
2019,July,Waterford,New Irish Registrations,Hybrid,57
2019,August,Waterford,New Irish Registrations,Hybrid,8
2019,September,Waterford,New Irish Registrations,Hybrid,2
2019,October,Waterford,New Irish Registrations,Hybrid,5
2019,January,Waterford,Used Imports,Hybrid,7
2019,February,Waterford,Used Imports,Hybrid,4
2019,March,Waterford,Used Imports,Hybrid,5
2019,April,Waterford,Used Imports,Hybrid,5
2019,May,Waterford,Used Imports,Hybrid,5
2019,June,Waterford,Used Imports,Hybrid,2
2019,July,Waterford,Used Imports,Hybrid,7
2019,August,Waterford,Used Imports,Hybrid,8
2019,September,Waterford,Used Imports,Hybrid,10
2019,October,Waterford,Used Imports,Hybrid,10
2019,January,Cavan,New Irish Registrations,Non electric,350
2019,February,Cavan,New Irish Registrations,Non electric,152
2019,March,Cavan,New Irish Registrations,Non electric,140
2019,April,Cavan,New Irish Registrations,Non electric,49
2019,May,Cavan,New Irish Registrations,Non electric,21
2019,June,Cavan,New Irish Registrations,Non electric,3
2019,July,Cavan,New Irish Registrations,Non electric,203
2019,August,Cavan,New Irish Registrations,Non electric,29
2019,September,Cavan,New Irish Registrations,Non electric,21
2019,October,Cavan,New Irish Registrations,Non electric,16
2019,August,Cavan,New Imports,Non electric,1
2019,January,Cavan,Used Imports,Non electric,135
2019,February,Cavan,Used Imports,Non electric,138
2019,March,Cavan,Used Imports,Non electric,175
2019,April,Cavan,Used Imports,Non electric,165
2019,May,Cavan,Used Imports,Non electric,173
2019,June,Cavan,Used Imports,Non electric,153
2019,July,Cavan,Used Imports,Non electric,152
2019,August,Cavan,Used Imports,Non electric,191
2019,September,Cavan,Used Imports,Non electric,195
2019,October,Cavan,Used Imports,Non electric,180
2019,January,Cavan,New Irish Registrations,Electric,5
2019,February,Cavan,New Irish Registrations,Electric,4
2019,March,Cavan,New Irish Registrations,Electric,2
2019,April,Cavan,New Irish Registrations,Electric,4
2019,July,Cavan,New Irish Registrations,Electric,15
2019,August,Cavan,New Irish Registrations,Electric,3
2019,September,Cavan,New Irish Registrations,Electric,1
2019,October,Cavan,New Irish Registrations,Electric,1
2019,February,Cavan,Used Imports,Electric,1
2019,September,Cavan,Used Imports,Electric,1
2019,January,Cavan,New Irish Registrations,Hybrid,41
2019,February,Cavan,New Irish Registrations,Hybrid,20
2019,March,Cavan,New Irish Registrations,Hybrid,11
2019,April,Cavan,New Irish Registrations,Hybrid,7
2019,May,Cavan,New Irish Registrations,Hybrid,11
2019,June,Cavan,New Irish Registrations,Hybrid,2
2019,July,Cavan,New Irish Registrations,Hybrid,38
2019,August,Cavan,New Irish Registrations,Hybrid,2
2019,September,Cavan,New Irish Registrations,Hybrid,1
2019,October,Cavan,New Irish Registrations,Hybrid,3
2019,July,Cavan,New Imports,Hybrid,1
2019,January,Cavan,Used Imports,Hybrid,1
2019,February,Cavan,Used Imports,Hybrid,3
2019,March,Cavan,Used Imports,Hybrid,2
2019,April,Cavan,Used Imports,Hybrid,8
2019,May,Cavan,Used Imports,Hybrid,5
2019,June,Cavan,Used Imports,Hybrid,7
2019,July,Cavan,Used Imports,Hybrid,1
2019,August,Cavan,Used Imports,Hybrid,1
2019,September,Cavan,Used Imports,Hybrid,4
2019,October,Cavan,Used Imports,Hybrid,2
2019,January,Donegal,New Irish Registrations,Non electric,698
2019,February,Donegal,New Irish Registrations,Non electric,263
2019,March,Donegal,New Irish Registrations,Non electric,286
2019,April,Donegal,New Irish Registrations,Non electric,118
2019,May,Donegal,New Irish Registrations,Non electric,71
2019,June,Donegal,New Irish Registrations,Non electric,11
2019,July,Donegal,New Irish Registrations,Non electric,403
2019,August,Donegal,New Irish Registrations,Non electric,84
2019,September,Donegal,New Irish Registrations,Non electric,50
2019,October,Donegal,New Irish Registrations,Non electric,26
2019,April,Donegal,New Imports,Non electric,1
2019,January,Donegal,Used Imports,Non electric,497
2019,February,Donegal,Used Imports,Non electric,469
2019,March,Donegal,Used Imports,Non electric,487
2019,April,Donegal,Used Imports,Non electric,522
2019,May,Donegal,Used Imports,Non electric,556
2019,June,Donegal,Used Imports,Non electric,413
2019,July,Donegal,Used Imports,Non electric,557
2019,August,Donegal,Used Imports,Non electric,542
2019,September,Donegal,Used Imports,Non electric,557
2019,October,Donegal,Used Imports,Non electric,671
2019,January,Donegal,New Irish Registrations,Electric,10
2019,March,Donegal,New Irish Registrations,Electric,3
2019,April,Donegal,New Irish Registrations,Electric,1
2019,June,Donegal,New Irish Registrations,Electric,1
2019,July,Donegal,New Irish Registrations,Electric,10
2019,August,Donegal,New Irish Registrations,Electric,1
2019,October,Donegal,New Irish Registrations,Electric,1
2019,January,Donegal,Used Imports,Electric,1
2019,April,Donegal,Used Imports,Electric,3
2019,June,Donegal,Used Imports,Electric,1
2019,July,Donegal,Used Imports,Electric,1
2019,September,Donegal,Used Imports,Electric,2
2019,January,Donegal,New Irish Registrations,Hybrid,57
2019,February,Donegal,New Irish Registrations,Hybrid,37
2019,March,Donegal,New Irish Registrations,Hybrid,40
2019,April,Donegal,New Irish Registrations,Hybrid,32
2019,May,Donegal,New Irish Registrations,Hybrid,15
2019,June,Donegal,New Irish Registrations,Hybrid,8
2019,July,Donegal,New Irish Registrations,Hybrid,67
2019,August,Donegal,New Irish Registrations,Hybrid,14
2019,September,Donegal,New Irish Registrations,Hybrid,2
2019,October,Donegal,New Irish Registrations,Hybrid,8
2019,January,Donegal,Used Imports,Hybrid,6
2019,February,Donegal,Used Imports,Hybrid,7
2019,March,Donegal,Used Imports,Hybrid,7
2019,April,Donegal,Used Imports,Hybrid,8
2019,May,Donegal,Used Imports,Hybrid,4
2019,June,Donegal,Used Imports,Hybrid,6
2019,July,Donegal,Used Imports,Hybrid,13
2019,August,Donegal,Used Imports,Hybrid,13
2019,September,Donegal,Used Imports,Hybrid,13
2019,October,Donegal,Used Imports,Hybrid,17
2019,January,Monaghan,New Irish Registrations,Non electric,281
2019,February,Monaghan,New Irish Registrations,Non electric,91
2019,March,Monaghan,New Irish Registrations,Non electric,87
2019,April,Monaghan,New Irish Registrations,Non electric,56
2019,May,Monaghan,New Irish Registrations,Non electric,22
2019,June,Monaghan,New Irish Registrations,Non electric,9
2019,July,Monaghan,New Irish Registrations,Non electric,155
2019,August,Monaghan,New Irish Registrations,Non electric,38
2019,September,Monaghan,New Irish Registrations,Non electric,18
2019,October,Monaghan,New Irish Registrations,Non electric,13
2019,May,Monaghan,New Imports,Non electric,1
2019,January,Monaghan,Used Imports,Non electric,218
2019,February,Monaghan,Used Imports,Non electric,182
2019,March,Monaghan,Used Imports,Non electric,212
2019,April,Monaghan,Used Imports,Non electric,186
2019,May,Monaghan,Used Imports,Non electric,202
2019,June,Monaghan,Used Imports,Non electric,167
2019,July,Monaghan,Used Imports,Non electric,201
2019,August,Monaghan,Used Imports,Non electric,176
2019,September,Monaghan,Used Imports,Non electric,221
2019,October,Monaghan,Used Imports,Non electric,207
2019,January,Monaghan,New Irish Registrations,Electric,9
2019,February,Monaghan,New Irish Registrations,Electric,2
2019,March,Monaghan,New Irish Registrations,Electric,2
2019,April,Monaghan,New Irish Registrations,Electric,1
2019,May,Monaghan,New Irish Registrations,Electric,1
2019,July,Monaghan,New Irish Registrations,Electric,1
2019,October,Monaghan,New Irish Registrations,Electric,1
2019,January,Monaghan,Used Imports,Electric,1
2019,June,Monaghan,Used Imports,Electric,1
2019,July,Monaghan,Used Imports,Electric,1
2019,October,Monaghan,Used Imports,Electric,1
2019,January,Monaghan,New Irish Registrations,Hybrid,16
2019,February,Monaghan,New Irish Registrations,Hybrid,9
2019,March,Monaghan,New Irish Registrations,Hybrid,16
2019,April,Monaghan,New Irish Registrations,Hybrid,14
2019,May,Monaghan,New Irish Registrations,Hybrid,2
2019,July,Monaghan,New Irish Registrations,Hybrid,25
2019,August,Monaghan,New Irish Registrations,Hybrid,5
2019,September,Monaghan,New Irish Registrations,Hybrid,2
2019,October,Monaghan,New Irish Registrations,Hybrid,3
2019,January,Monaghan,Used Imports,Hybrid,3
2019,February,Monaghan,Used Imports,Hybrid,4
2019,March,Monaghan,Used Imports,Hybrid,5
2019,April,Monaghan,Used Imports,Hybrid,7
2019,May,Monaghan,Used Imports,Hybrid,2
2019,June,Monaghan,Used Imports,Hybrid,2
2019,July,Monaghan,Used Imports,Hybrid,1
2019,August,Monaghan,Used Imports,Hybrid,2
2019,October,Monaghan,Used Imports,Hybrid,4
